Sequence No	Turboveg No	Group No	Relevé number	Temp	Precip	UTM10X10	UTM1X1	SIVIMID	JuiceID	OriginalElevation	ECOREG_WWF	DUNES_BOHN	Plant.Cover	Aspect	Slope	Area	SintaxonID	EUNIS2020	Type	DEG_LON	DEG_LAT	Accuracy	Elevation	Sintaxon	Authors	Year	Title	Publication	Locality	Country	
1	527905	1	527905	135	10636	30TTP82		T-P27905	14081	40	ATL_COAST	N_DUNES	NA	W	3	20	5387b	R22	No forest	-5.702547735	43.51774482	3 - UTM10x10 + Elevation	40	Lino-Cynosuretum	Tüxen	R. & E. Oberdorfer	1958	Die Pflanzenwelts Spaniens. Teil II.	Veröff. Geob. Inst. Rübel Zurich	32	
2	527906	1	527906	135	10447	30TTP82		T-P27906	14082	60	ATL_COAST	N_DUNES	NA	E	2	100	5387b	R	No forest	-5.664835314	43.5042246	3 - UTM10x10 + Elevation	60	Lino-Cynosuretum	Tüxen	R. & E. Oberdorfer	1958	Die Pflanzenwelts Spaniens. Teil II.	Veröff. Geob. Inst. Rübel Zurich	32	
3	527904	1	527904	135	10447	30TTP82		T-P27904	14080	30	ATL_COAST	N_DUNES	NA		NA	50	5387b	R22	No forest	-5.664835314	43.5042246	3 - UTM10x10 + Elevation	30	Lino-Cynosuretum	Tüxen	R. & E. Oberdorfer	1958	Die Pflanzenwelts Spaniens. Teil II.	Veröff. Geob. Inst. Rübel Zurich	32	
4	528113	1	528113	138	10118	30TTP82		T-P28113	14185	250	ATL_COAST	N_DUNES	NA		NA	NA	5420c	S35	No forest	-5.665984283	43.52893451	4 - UTM10x10 + Centroid	250	Asociación de Rubus ulmifolius-Tamus communis	Tüxen	R. & E. Oberdorfer	1958	Die Pflanzenwelts Spaniens. Teil II.	Veröff. Geob. Inst. Rübel Zurich	32	
5	528112	1	528112	134	10678	30TTP82		T-P28112	14184	70	ATL_COAST	N_DUNES	NA		NA	NA	5420c	S35	No forest	-5.709882715	43.51577033	3 - UTM10x10 + Elevation	70	Asociación de Rubus ulmifolius-Tamus communis	Tüxen	R. & E. Oberdorfer	1958	Die Pflanzenwelts Spaniens. Teil II.	Veröff. Geob. Inst. Rübel Zurich	32	
6	527798	1	527798	136	10596	30TTP82		T-P27798	14029	30	ATL_COAST	N_DUNES	NA	NE	NA	30	5363	V15	No forest	-5.599883033	43.54713832	3 - UTM10x10 + Elevation	30	Comunidad de Brassica nigra	Tüxen	R. & E. Oberdorfer	1958	Die Pflanzenwelts Spaniens. Teil II.	Veröff. Geob. Inst. Rübel Zurich	32	
7	528104	1	528104	133	10685	30TTP82		T-P28104	14176	75	ATL_COAST	N_DUNES	NA	SE	NA	NA	5420a	R	No forest	-5.697122955	43.50706851	3 - UTM10x10 + Elevation	75	Asociación de Rubus ulmifolius-Tamus communis	Tüxen	R. & E. Oberdorfer	1958	Die Pflanzenwelts Spaniens. Teil II.	Veröff. Geob. Inst. Rübel Zurich	32	
8	522469	1	522469	138	10118	30TTP82		T-P22469	19254	NA	ATL_COAST	N_DUNES	NA		NA	1	0749b	V39	No forest	-5.665984283	43.52893451	4 - UTM10x10 + Centroid	31	Fumario capreolatae-Veronicetum persicae	Aedo	Carlos; Herrera	Mercedes; F. Prieto	José Antonio & Díaz	Tomás	E.	
9	527836	1	527836	138	10118	30TTP82		T-P27836	14046	NA	ATL_COAST	N_DUNES	100		NA	1	5372	R	No forest	-5.665984283	43.52893451	4 - UTM10x10 + Centroid	31	Asociación de Plantago coronopus-Trifolium fragiferum	Tüxen	R. & E. Oberdorfer	1958	Die Pflanzenwelts Spaniens. Teil II.	Veröff. Geob. Inst. Rübel Zurich	32	
10	527834	1	527834	138	10118	30TTP82		T-P27834	14044	NA	ATL_COAST	N_DUNES	100		NA	1	5372	V34	No forest	-5.665984283	43.52893451	4 - UTM10x10 + Centroid	31	Asociación de Plantago coronopus-Trifolium fragiferum	Tüxen	R. & E. Oberdorfer	1958	Die Pflanzenwelts Spaniens. Teil II.	Veröff. Geob. Inst. Rübel Zurich	32	
11	527835	1	527835	138	10118	30TTP82		T-P27835	14045	NA	ATL_COAST	N_DUNES	80		NA	1	5372	R	No forest	-5.665984283	43.52893451	4 - UTM10x10 + Centroid	31	Asociación de Plantago coronopus-Trifolium fragiferum	Tüxen	R. & E. Oberdorfer	1958	Die Pflanzenwelts Spaniens. Teil II.	Veröff. Geob. Inst. Rübel Zurich	32	
12	527840	1	527840	138	9749	30TTP82		T-P27840	14050	20	ATL_COAST	N_DUNES	80		NA	NA	5373	V35	No forest	-5.658685532	43.53317989	3 - UTM10x10 + Elevation	20	Asociación de Lolium perenne-Plantago major	Tüxen	R. & E. Oberdorfer	1958	Die Pflanzenwelts Spaniens. Teil II.	Veröff. Geob. Inst. Rübel Zurich	32	
13	527833	1	527833	138	10118	30TTP82		T-P27833	14043	NA	ATL_COAST	N_DUNES	100		NA	1	5372	V34	No forest	-5.665984283	43.52893451	4 - UTM10x10 + Centroid	31	Asociación de Plantago coronopus-Trifolium fragiferum	Tüxen	R. & E. Oberdorfer	1958	Die Pflanzenwelts Spaniens. Teil II.	Veröff. Geob. Inst. Rübel Zurich	32	
14	528146	1	528146	138	10118	30TTP82		T-P28146	14198	NA	ATL_COAST	N_DUNES	80		NA	1	181	V35	No forest	-5.665984283	43.52893451	4 - UTM10x10 + Centroid	31	Sagino-Bryetum argentei	Tüxen	R. & E. Oberdorfer	1958	Die Pflanzenwelts Spaniens. Teil II.	Veröff. Geob. Inst. Rübel Zurich	32	
